gameId,nbaGameId,date,season,seasonType,nbaTeamId,team,opponent,offTeamId,defTeamId,pbpId,period,gameClock,wallClock,wallClockInt,description,msgType,actionType,option1,option2,option3,option4,homeScore,awayScore,playerId1,playerId2,playerId3,locX,locY,pts,pbpOrder,lastName1,statCategory1,lastName2,statCategory2,lastName3
2025-02-08-HOU-DAL,0022400741,2025-02-08,2025,Regular,NA,NA,NA,0,0,2,1,12:00,2025-02-08 20:11:44Z,403040,Start of 1st Period (3:12 PM EST),12,0,0,0,0,0,0,0,NA,NA,NA,0,-80,0,1,NA,NA,NA,NA,NA
2025-02-08-HOU-DAL,0022400741,2025-02-08,2025,Regular,1610612742,DAL,HOU,1610612742,1610612745,4,1,12:00,2025-02-08 20:11:45Z,403050,Jump Ball Gafford vs. Eason: Tip to Washington,10,0,0,0,0,0,0,0,1629655,1631106,1629023,0,-80,0,2,Gafford,NA,Eason,NA,Washington
2025-02-08-HOU-DAL,0022400741,2025-02-08,2025,Regular,1610612742,DAL,HOU,1610612742,1610612745,7,1,11:44,2025-02-08 20:11:58Z,403180,Gafford 1' Alley Oop Dunk (2 PTS) (Davis 1 AST),1,52,2,0,0,4,0,0,1629655,203076,NA,9,8,2,3,Gafford,PTS,Davis,AST,NA
2025-02-08-HOU-DAL,0022400741,2025-02-08,2025,Regular,1610612745,HOU,DAL,1610612745,1610612742,9,1,11:23,2025-02-08 20:12:19Z,403390,Thompson 3PT Jump Shot (3 PTS) (Eason 1 AST),1,1,3,0,0,0,2,0,1641708,1631106,NA,-228,13,3,4,Thompson,PTS,Eason,AST,NA
2025-02-08-HOU-DAL,0022400741,2025-02-08,2025,Regular,1610612742,DAL,HOU,1610612742,1610612745,11,1,11:09,2025-02-08 20:12:33Z,403530,MISS Thompson 24' 3PT Jump Shot,2,1,3,0,0,0,2,3,202691,NA,NA,-120,212,0,5,Thompson,NA,NA,NA,NA
2025-02-08-HOU-DAL,0022400741,2025-02-08,2025,Regular,1610612745,HOU,DAL,1610612742,1610612745,12,1,11:06,2025-02-08 20:12:36Z,403560,Thompson REBOUND (Off:0 Def:1),4,0,0,0,0,0,2,3,1641708,NA,NA,-120,212,0,6,Thompson,REB,NA,NA,NA
2025-02-08-HOU-DAL,0022400741,2025-02-08,2025,Regular,1610612745,HOU,DAL,1610612745,1610612742,13,1,10:47,2025-02-08 20:12:56Z,403760,MISS Sengun 1' Driving Layup,2,6,2,0,0,4,2,3,1630578,203076,NA,10,1,0,7,Sengun,NA,Davis,BLK,NA
2025-02-08-HOU-DAL,0022400741,2025-02-08,2025,Regular,1610612742,DAL,HOU,1610612745,1610612742,15,1,10:45,2025-02-08 20:12:58Z,403780,Davis REBOUND (Off:0 Def:1),4,0,0,0,0,0,2,3,203076,NA,NA,10,1,0,8,Davis,REB,NA,NA,NA
2025-02-08-HOU-DAL,0022400741,2025-02-08,2025,Regular,1610612742,DAL,HOU,1610612742,1610612745,16,1,10:42,2025-02-08 20:13:00Z,403800,Washington 1' Running Dunk (2 PTS) (Davis 2 AST),1,50,2,1,0,4,2,3,1629023,203076,NA,-10,-7,2,9,Washington,PTS,Davis,AST,NA
2025-02-08-HOU-DAL,0022400741,2025-02-08,2025,Regular,1610612745,HOU,DAL,1610612745,1610612742,18,1,10:28,2025-02-08 20:13:14Z,403940,MISS Thompson 3PT Jump Shot,2,1,3,0,0,0,4,3,1641708,NA,NA,230,-3,0,10,Thompson,NA,NA,NA,NA
2025-02-08-HOU-DAL,0022400741,2025-02-08,2025,Regular,1610612745,HOU,DAL,1610612745,1610612742,19,1,10:27,2025-02-08 20:13:16Z,403960,Thompson REBOUND (Off:1 Def:1),4,0,1,0,0,0,4,3,1641708,NA,NA,230,-3,0,11,Thompson,REB,NA,NA,NA
2025-02-08-HOU-DAL,0022400741,2025-02-08,2025,Regular,1610612745,HOU,DAL,1610612745,1610612742,20,1,10:19,2025-02-08 20:13:24Z,404040,MISS Eason 7' Step Back Jump Shot,2,80,2,0,0,1,4,3,1631106,1629023,NA,0,67,0,12,Eason,NA,Washington,BLK,NA
2025-02-08-HOU-DAL,0022400741,2025-02-08,2025,Regular,1610612742,DAL,HOU,1610612745,1610612742,22,1,10:16,2025-02-08 20:13:27Z,404070,Davis REBOUND (Off:0 Def:2),4,0,0,0,0,0,4,3,203076,NA,NA,0,67,0,13,Davis,REB,NA,NA,NA
2025-02-08-HOU-DAL,0022400741,2025-02-08,2025,Regular,1610612742,DAL,HOU,1610612742,1610612745,23,1,10:08,2025-02-08 20:13:35Z,404150,Thompson 7' Driving Floating Bank Jump Shot (2 PTS) (Davis 3 AST),1,102,2,0,0,4,4,3,202691,203076,NA,26,66,2,14,Thompson,PTS,Davis,AST,NA
2025-02-08-HOU-DAL,0022400741,2025-02-08,2025,Regular,1610612745,HOU,DAL,1610612745,1610612742,25,1,9:49,2025-02-08 20:13:53Z,404330,Sengun 18' Jump Shot (2 PTS) (Ja. Green 1 AST),1,1,2,0,0,0,6,3,1630578,1630224,NA,23,180,2,15,Sengun,PTS,Green,AST,NA
2025-02-08-HOU-DAL,0022400741,2025-02-08,2025,Regular,1610612742,DAL,HOU,1610612742,1610612745,27,1,9:40,2025-02-08 20:14:03Z,404430,Thompson 1' Driving Layup (4 PTS) (Washington 1 AST),1,6,2,0,0,4,6,5,202691,1629023,NA,6,1,2,16,Thompson,PTS,Washington,AST,NA
2025-02-08-HOU-DAL,0022400741,2025-02-08,2025,Regular,1610612745,HOU,DAL,1610612745,1610612742,48,1,9:25,2025-02-08 20:14:11Z,404510,MISS Thompson 2' Cutting Layup Shot,2,98,2,0,0,4,8,5,1641708,1629023,NA,-9,16,0,17,Thompson,NA,Washington,BLK,NA
2025-02-08-HOU-DAL,0022400741,2025-02-08,2025,Regular,1610612742,DAL,HOU,1610612745,1610612742,50,1,9:25,2025-02-08 20:14:11Z,404510,Gafford REBOUND (Off:0 Def:1),4,0,0,0,0,0,8,5,1629655,NA,NA,-9,16,0,18,Gafford,REB,NA,NA,NA
2025-02-08-HOU-DAL,0022400741,2025-02-08,2025,Regular,1610612742,DAL,HOU,1610612742,1610612745,31,1,9:20,2025-02-08 20:14:22Z,404620,MISS Irving 26' 3PT Running Pull-Up Jump Shot,2,103,3,1,0,0,8,5,202681,NA,NA,100,236,0,19,Irving,NA,NA,NA,NA
2025-02-08-HOU-DAL,0022400741,2025-02-08,2025,Regular,1610612745,HOU,DAL,1610612742,1610612745,32,1,9:18,2025-02-08 20:14:24Z,404640,Brooks REBOUND (Off:0 Def:1),4,0,0,0,0,0,8,5,1628415,NA,NA,100,236,0,20,Brooks,REB,NA,NA,NA
2025-02-08-HOU-DAL,0022400741,2025-02-08,2025,Regular,1610612745,HOU,DAL,1610612745,1610612742,33,1,9:10,2025-02-08 20:14:33Z,404730,Ja. Green 2' Driving Layup (2 PTS),1,6,2,0,0,4,8,5,1630224,NA,NA,15,4,2,21,Green,PTS,NA,NA,NA
2025-02-08-HOU-DAL,0022400741,2025-02-08,2025,Regular,1610612742,DAL,HOU,1610612742,1610612745,34,1,8:51,2025-02-08 20:14:51Z,404910,Davis 6' Turnaround Jump Shot (2 PTS),1,47,2,0,0,4,8,7,203076,NA,NA,50,41,2,22,Davis,PTS,NA,NA,NA
2025-02-08-HOU-DAL,0022400741,2025-02-08,2025,Regular,1610612745,HOU,DAL,1610612745,1610612742,35,1,8:27,2025-02-08 20:15:16Z,405160,MISS Sengun 2' Cutting Layup Shot,2,98,2,0,0,4,10,7,1630578,NA,NA,6,22,0,23,Sengun,NA,NA,NA,NA
2025-02-08-HOU-DAL,0022400741,2025-02-08,2025,Regular,1610612742,DAL,HOU,1610612745,1610612742,36,1,8:26,2025-02-08 20:15:17Z,405170,Davis REBOUND (Off:0 Def:3),4,0,0,0,0,0,10,7,203076,NA,NA,6,22,0,24,Davis,REB,NA,NA,NA
2025-02-08-HOU-DAL,0022400741,2025-02-08,2025,Regular,1610612742,DAL,HOU,1610612742,1610612745,37,1,8:14,2025-02-08 20:15:29Z,405290,Davis 5' Turnaround Hook Shot (4 PTS),1,58,2,0,0,4,10,7,203076,NA,NA,-25,45,2,25,Davis,PTS,NA,NA,NA
2025-02-08-HOU-DAL,0022400741,2025-02-08,2025,Regular,NA,NA,NA,1610612745,1610612742,38,1,8:10,2025-02-08 20:15:38Z,405380,NA,20,6,0,0,0,0,12,7,NA,NA,NA,0,-80,0,26,NA,NA,NA,NA,NA
2025-02-08-HOU-DAL,0022400741,2025-02-08,2025,Regular,NA,NA,NA,1610612745,1610612742,39,1,7:53,2025-02-08 20:15:58Z,405580,NA,20,3,0,0,0,0,12,7,NA,NA,NA,0,-80,0,27,NA,NA,NA,NA,NA
2025-02-08-HOU-DAL,0022400741,2025-02-08,2025,Regular,1610612745,HOU,DAL,1610612745,1610612742,40,1,7:49,2025-02-08 20:16:15Z,405750,MISS Sengun 26' 3PT Jump Shot,2,1,3,0,0,0,12,7,1630578,NA,NA,54,253,0,28,Sengun,NA,NA,NA,NA
2025-02-08-HOU-DAL,0022400741,2025-02-08,2025,Regular,1610612742,DAL,HOU,1610612745,1610612742,41,1,7:46,2025-02-08 20:16:18Z,405780,Gafford REBOUND (Off:0 Def:2),4,0,0,0,0,0,12,7,1629655,NA,NA,54,253,0,29,Gafford,REB,NA,NA,NA
2025-02-08-HOU-DAL,0022400741,2025-02-08,2025,Regular,1610612742,DAL,HOU,1610612742,1610612745,42,1,7:35,2025-02-08 20:16:30Z,405900,MISS Davis 1' Driving Layup,2,6,2,0,0,4,12,7,203076,NA,NA,-5,9,0,30,Davis,NA,NA,NA,NA
2025-02-08-HOU-DAL,0022400741,2025-02-08,2025,Regular,1610612742,DAL,HOU,1610612742,1610612745,43,1,7:34,2025-02-08 20:16:31Z,405910,Davis REBOUND (Off:1 Def:3),4,0,1,0,0,0,12,7,203076,NA,NA,-5,9,0,31,Davis,REB,NA,NA,NA
2025-02-08-HOU-DAL,0022400741,2025-02-08,2025,Regular,1610612742,DAL,HOU,1610612742,1610612745,46,1,7:34,2025-02-08 20:16:39Z,405990,Davis Tip Dunk Shot (6 PTS),1,107,2,0,0,1,12,7,203076,NA,NA,0,0,2,32,Davis,PTS,NA,NA,NA
2025-02-08-HOU-DAL,0022400741,2025-02-08,2025,Regular,1610612745,HOU,DAL,1610612745,1610612742,47,1,7:34,2025-02-08 20:16:51Z,406110,Rockets Timeout: Regular (Reg.1 Short 0),9,1,0,0,0,0,14,7,NA,NA,NA,0,-80,0,33,NA,NA,NA,NA,NA
2025-02-08-HOU-DAL,0022400741,2025-02-08,2025,Regular,1610612745,HOU,DAL,1610612745,1610612742,51,1,7:17,2025-02-08 20:19:55Z,407950,MISS Brooks 12' Pullup Jump Shot,2,79,2,0,0,0,14,7,1628415,202691,NA,80,84,0,34,Brooks,NA,Thompson,BLK,NA
2025-02-08-HOU-DAL,0022400741,2025-02-08,2025,Regular,1610612742,DAL,HOU,1610612745,1610612742,53,1,7:15,2025-02-08 20:19:57Z,407970,Davis REBOUND (Off:1 Def:4),4,0,0,0,0,0,14,7,203076,NA,NA,80,84,0,35,Davis,REB,NA,NA,NA
2025-02-08-HOU-DAL,0022400741,2025-02-08,2025,Regular,1610612742,DAL,HOU,1610612742,1610612745,54,1,7:03,2025-02-08 20:20:09Z,408090,Davis 25' 3PT Pullup Jump Shot (9 PTS),1,79,3,0,0,0,14,7,203076,NA,NA,-12,253,3,36,Davis,PTS,NA,NA,NA
2025-02-08-HOU-DAL,0022400741,2025-02-08,2025,Regular,1610612745,HOU,DAL,1610612745,1610612742,55,1,6:46,2025-02-08 20:20:26Z,408260,Ja. Green 25' 3PT Pullup Jump Shot (5 PTS),1,79,3,0,0,0,17,7,1630224,NA,NA,192,167,3,37,Green,PTS,NA,NA,NA
2025-02-08-HOU-DAL,0022400741,2025-02-08,2025,Regular,1610612742,DAL,HOU,1610612742,1610612745,56,1,6:37,2025-02-08 20:20:36Z,408360,MISS Thompson 18' Pullup Jump Shot,2,79,2,0,0,0,17,10,202691,NA,NA,183,24,0,38,Thompson,NA,NA,NA,NA
2025-02-08-HOU-DAL,0022400741,2025-02-08,2025,Regular,1610612745,HOU,DAL,1610612742,1610612745,57,1,6:33,2025-02-08 20:20:40Z,408400,Sengun REBOUND (Off:0 Def:1),4,0,0,0,0,0,17,10,1630578,NA,NA,183,24,0,39,Sengun,REB,NA,NA,NA
2025-02-08-HOU-DAL,0022400741,2025-02-08,2025,Regular,1610612742,DAL,HOU,1610612745,1610612742,58,1,6:28,2025-02-08 20:20:47Z,408470,Gafford S.FOUL (P1.T1) (P.Ransom),6,2,0,0,2,0,17,10,1629655,1630224,1627963,-43,13,0,40,Gafford,PF,Green,NA,Ransom
2025-02-08-HOU-DAL,0022400741,2025-02-08,2025,Regular,1610612745,HOU,DAL,1610612745,1610612742,60,1,6:28,2025-02-08 20:21:13Z,408730,MISS Ja. Green Free Throw 1 of 2,3,11,2,0,0,0,17,10,1630224,NA,NA,0,-80,0,41,Green,NA,NA,NA,NA
2025-02-08-HOU-DAL,0022400741,2025-02-08,2025,Regular,1610612745,HOU,DAL,1610612745,1610612742,61,1,6:28,2025-02-08 20:21:13Z,408730,Rockets Rebound,4,1,1,0,0,0,17,10,NA,NA,NA,0,-80,0,42,NA,NA,NA,NA,NA
2025-02-08-HOU-DAL,0022400741,2025-02-08,2025,Regular,1610612742,DAL,HOU,1610612745,1610612742,62,1,6:28,2025-02-08 20:21:14Z,408740,SUB: Exum FOR Gafford,8,0,0,0,0,0,17,10,1629655,203957,NA,0,-80,0,43,Gafford,NA,Exum,NA,NA
2025-02-08-HOU-DAL,0022400741,2025-02-08,2025,Regular,1610612742,DAL,HOU,1610612745,1610612742,63,1,6:28,2025-02-08 20:21:14Z,408740,SUB: Christie FOR Thompson,8,0,0,0,0,0,17,10,202691,1631108,NA,0,-80,0,44,Thompson,NA,Christie,NA,NA
2025-02-08-HOU-DAL,0022400741,2025-02-08,2025,Regular,1610612745,HOU,DAL,1610612745,1610612742,64,1,6:28,2025-02-08 20:21:14Z,408740,SUB: Whitmore FOR Brooks,8,0,0,0,0,0,17,10,1628415,1641715,NA,0,-80,0,45,Brooks,NA,Whitmore,NA,NA
2025-02-08-HOU-DAL,0022400741,2025-02-08,2025,Regular,1610612745,HOU,DAL,1610612745,1610612742,68,1,6:28,2025-02-08 20:21:41Z,409010,Ja. Green Free Throw 2 of 2 (6 PTS),3,12,1,0,1,0,17,10,1630224,NA,NA,0,-80,1,46,Green,PTS,NA,NA,NA
2025-02-08-HOU-DAL,0022400741,2025-02-08,2025,Regular,1610612742,DAL,HOU,1610612742,1610612745,69,1,6:16,2025-02-08 20:21:54Z,409140,Davis 20' Pullup Jump Shot (11 PTS),1,79,2,0,0,0,17,11,203076,NA,NA,-147,138,2,47,Davis,PTS,NA,NA,NA
2025-02-08-HOU-DAL,0022400741,2025-02-08,2025,Regular,1610612745,HOU,DAL,1610612745,1610612742,70,1,5:59,2025-02-08 20:22:10Z,409300,Whitmore 1' Driving Dunk (2 PTS),1,9,2,0,0,4,19,11,1641715,NA,NA,1,8,2,48,Whitmore,PTS,NA,NA,NA
2025-02-08-HOU-DAL,0022400741,2025-02-08,2025,Regular,1610612742,DAL,HOU,1610612742,1610612745,71,1,5:42,2025-02-08 20:22:27Z,409470,MISS Irving 18' Jump Shot,2,1,2,0,0,0,19,13,202681,NA,NA,-164,82,0,49,Irving,NA,NA,NA,NA
2025-02-08-HOU-DAL,0022400741,2025-02-08,2025,Regular,1610612745,HOU,DAL,1610612742,1610612745,72,1,5:40,2025-02-08 20:22:29Z,409490,Sengun REBOUND (Off:0 Def:2),4,0,0,0,0,0,19,13,1630578,NA,NA,-164,82,0,50,Sengun,REB,NA,NA,NA
2025-02-08-HOU-DAL,0022400741,2025-02-08,2025,Regular,1610612745,HOU,DAL,1610612745,1610612742,73,1,5:30,2025-02-08 20:22:43Z,409630,Ja. Green Out of Bounds Lost Ball Turnover (P1.T1),5,40,0,0,0,0,19,13,1630224,NA,1628954,-37,-8,0,51,Green,TO,NA,NA,Schroeder
2025-02-08-HOU-DAL,0022400741,2025-02-08,2025,Regular,1610612745,HOU,DAL,1610612742,1610612745,74,1,5:10,2025-02-08 20:23:14Z,409940,Ja. Green S.FOUL (P1.T1) (P.Ransom),6,2,0,0,2,0,19,13,1630224,1629023,1627963,-69,35,0,52,Green,PF,Washington,NA,Ransom
2025-02-08-HOU-DAL,0022400741,2025-02-08,2025,Regular,1610612742,DAL,HOU,1610612742,1610612745,76,1,5:10,2025-02-08 20:23:47Z,410270,Washington Free Throw 1 of 2 (3 PTS),3,11,1,0,1,2,19,13,1629023,NA,NA,0,-80,1,53,Washington,PTS,NA,NA,NA
2025-02-08-HOU-DAL,0022400741,2025-02-08,2025,Regular,1610612742,DAL,HOU,1610612742,1610612745,77,1,5:10,2025-02-08 20:23:49Z,410290,SUB: Dinwiddie FOR Irving,8,0,0,0,0,0,20,13,202681,203915,NA,0,-80,0,54,Irving,NA,Dinwiddie,NA,NA
2025-02-08-HOU-DAL,0022400741,2025-02-08,2025,Regular,1610612742,DAL,HOU,1610612742,1610612745,79,1,5:10,2025-02-08 20:24:22Z,410620,Washington Free Throw 2 of 2 (4 PTS),3,12,1,0,1,2,20,13,1629023,NA,NA,0,-80,1,55,Washington,PTS,NA,NA,NA
2025-02-08-HOU-DAL,0022400741,2025-02-08,2025,Regular,1610612745,HOU,DAL,1610612745,1610612742,80,1,4:58,2025-02-08 20:24:37Z,410770,Thompson 1' Cutting Dunk Shot (5 PTS) (Sengun 1 AST),1,108,2,0,0,4,21,13,1641708,1630578,NA,10,4,2,56,Thompson,PTS,Sengun,AST,NA
2025-02-08-HOU-DAL,0022400741,2025-02-08,2025,Regular,1610612742,DAL,HOU,1610612742,1610612745,82,1,4:45,2025-02-08 20:24:53Z,410930,Dinwiddie OFF.Foul (P1) (J.Schroeder),6,4,0,0,0,0,21,15,203915,1630578,1628954,-93,180,0,57,Dinwiddie,PF,Sengun,NA,Schroeder
2025-02-08-HOU-DAL,0022400741,2025-02-08,2025,Regular,1610612742,DAL,HOU,1610612742,1610612745,84,1,4:45,2025-02-08 20:24:53Z,410930,Dinwiddie Offensive Foul Turnover (P1.T1),5,37,0,0,0,0,21,15,203915,NA,1628954,-93,180,0,58,Dinwiddie,TO,NA,NA,Schroeder
2025-02-08-HOU-DAL,0022400741,2025-02-08,2025,Regular,1610612742,DAL,HOU,1610612745,1610612742,85,1,4:45,2025-02-08 20:25:00Z,411000,SUB: Marshall FOR Washington,8,0,0,0,0,0,21,15,1629023,1630230,NA,0,-80,0,59,Washington,NA,Marshall,NA,NA
2025-02-08-HOU-DAL,0022400741,2025-02-08,2025,Regular,1610612745,HOU,DAL,1610612745,1610612742,87,1,4:37,2025-02-08 20:25:20Z,411200,MISS Ja. Green 26' 3PT Jump Shot,2,1,3,0,0,2,21,15,1630224,NA,NA,-15,256,0,60,Green,NA,NA,NA,NA
2025-02-08-HOU-DAL,0022400741,2025-02-08,2025,Regular,1610612742,DAL,HOU,1610612745,1610612742,88,1,4:34,2025-02-08 20:25:23Z,411230,Davis REBOUND (Off:1 Def:5),4,0,0,0,0,0,21,15,203076,NA,NA,-15,256,0,61,Davis,REB,NA,NA,NA
2025-02-08-HOU-DAL,0022400741,2025-02-08,2025,Regular,1610612742,DAL,HOU,1610612742,1610612745,89,1,4:20,2025-02-08 20:25:37Z,411370,Marshall 1' Driving Layup (2 PTS),1,6,2,0,0,4,21,15,1630230,NA,NA,-12,3,2,62,Marshall,PTS,NA,NA,NA
2025-02-08-HOU-DAL,0022400741,2025-02-08,2025,Regular,1610612745,HOU,DAL,1610612745,1610612742,90,1,4:04,2025-02-08 20:25:52Z,411520,MISS Sengun 4' Driving Hook Shot,2,57,2,0,0,4,23,15,1630578,NA,NA,-16,42,0,63,Sengun,NA,NA,NA,NA
2025-02-08-HOU-DAL,0022400741,2025-02-08,2025,Regular,1610612745,HOU,DAL,1610612745,1610612742,91,1,4:02,2025-02-08 20:25:54Z,411540,Sengun REBOUND (Off:1 Def:2),4,0,1,0,0,0,23,15,1630578,NA,NA,-16,42,0,64,Sengun,REB,NA,NA,NA
2025-02-08-HOU-DAL,0022400741,2025-02-08,2025,Regular,1610612745,HOU,DAL,1610612745,1610612742,92,1,4:00,2025-02-08 20:25:55Z,411550,MISS Sengun 4' Putback Layup,2,72,2,0,0,1,23,15,1630578,NA,NA,-32,25,0,65,Sengun,NA,NA,NA,NA
2025-02-08-HOU-DAL,0022400741,2025-02-08,2025,Regular,1610612742,DAL,HOU,1610612745,1610612742,94,1,4:00,2025-02-08 20:25:55Z,411550,Davis REBOUND (Off:1 Def:6),4,0,0,0,0,0,23,15,203076,NA,NA,-32,25,0,66,Davis,REB,NA,NA,NA
2025-02-08-HOU-DAL,0022400741,2025-02-08,2025,Regular,1610612742,DAL,HOU,1610612742,1610612745,95,1,3:52,2025-02-08 20:26:04Z,411640,Marshall 4' Running Layup (4 PTS) (Exum 1 AST),1,41,2,1,0,4,23,15,1630230,203957,NA,4,35,2,67,Marshall,PTS,Exum,AST,NA
2025-02-08-HOU-DAL,0022400741,2025-02-08,2025,Regular,1610612745,HOU,DAL,1610612745,1610612742,97,1,3:44,2025-02-08 20:26:15Z,411750,Thompson OFF.Foul (P1) (J.Schroeder),6,4,0,0,0,0,25,15,1641708,203957,1628954,167,121,0,68,Thompson,PF,Exum,NA,Schroeder
2025-02-08-HOU-DAL,0022400741,2025-02-08,2025,Regular,1610612745,HOU,DAL,1610612745,1610612742,99,1,3:44,2025-02-08 20:26:15Z,411750,Thompson Offensive Foul Turnover (P1.T2),5,37,0,0,0,0,25,15,1641708,NA,1628954,167,121,0,69,Thompson,TO,NA,NA,Schroeder
2025-02-08-HOU-DAL,0022400741,2025-02-08,2025,Regular,1610612745,HOU,DAL,1610612742,1610612745,100,1,3:44,2025-02-08 20:26:21Z,411810,SUB: Brooks FOR Eason,8,0,0,0,0,0,25,15,1631106,1628415,NA,0,-80,0,70,Eason,NA,Brooks,NA,NA
2025-02-08-HOU-DAL,0022400741,2025-02-08,2025,Regular,1610612745,HOU,DAL,1610612742,1610612745,101,1,3:44,2025-02-08 20:26:21Z,411810,SUB: Adams FOR Sengun,8,0,0,0,0,0,25,15,1630578,203500,NA,0,-80,0,71,Sengun,NA,Adams,NA,NA
2025-02-08-HOU-DAL,0022400741,2025-02-08,2025,Regular,1610612745,HOU,DAL,1610612742,1610612745,104,1,3:28,2025-02-08 20:26:53Z,412130,Whitmore S.FOUL (P1.T2) (B.Forte),6,2,0,0,2,0,25,15,1641715,203076,101283,83,199,0,72,Whitmore,PF,Davis,NA,Forte
2025-02-08-HOU-DAL,0022400741,2025-02-08,2025,Regular,1610612742,DAL,HOU,1610612742,1610612745,106,1,3:28,2025-02-08 20:27:28Z,412480,MISS Davis Free Throw 1 of 2,3,11,2,0,0,2,26,15,203076,NA,NA,0,-80,0,73,Davis,NA,NA,NA,NA
2025-02-08-HOU-DAL,0022400741,2025-02-08,2025,Regular,1610612742,DAL,HOU,1610612742,1610612745,107,1,3:28,2025-02-08 20:27:28Z,412480,MAVERICKS Rebound,4,1,1,0,0,0,26,15,NA,NA,NA,0,-80,0,74,NA,NA,NA,NA,NA
2025-02-08-HOU-DAL,0022400741,2025-02-08,2025,Regular,1610612742,DAL,HOU,1610612742,1610612745,108,1,3:28,2025-02-08 20:27:28Z,412480,Davis Free Throw 2 of 2 (12 PTS),3,12,1,0,1,2,25,15,203076,NA,NA,0,-80,1,75,Davis,PTS,NA,NA,NA
2025-02-08-HOU-DAL,0022400741,2025-02-08,2025,Regular,1610612745,HOU,DAL,1610612745,1610612742,109,1,3:05,2025-02-08 20:28:13Z,412930,Ja. Green 10' Fadeaway Jumper (8 PTS),1,63,2,0,0,4,26,15,1630224,NA,NA,-28,92,2,76,Green,PTS,NA,NA,NA
2025-02-08-HOU-DAL,0022400741,2025-02-08,2025,Regular,1610612742,DAL,HOU,1610612742,1610612745,110,1,2:46,2025-02-08 20:28:32Z,413120,Davis 7' Turnaround Hook Shot (14 PTS),1,58,2,0,0,4,26,17,203076,NA,NA,21,63,2,77,Davis,PTS,NA,NA,NA
2025-02-08-HOU-DAL,0022400741,2025-02-08,2025,Regular,1610612745,HOU,DAL,1610612745,1610612742,111,1,2:35,2025-02-08 20:28:43Z,413230,Thompson Lost Ball Turnover (P2.T3),5,2,1,0,0,0,28,17,1641708,1630230,NA,34,43,0,78,Thompson,TO,Marshall,ST,NA
2025-02-08-HOU-DAL,0022400741,2025-02-08,2025,Regular,1610612742,DAL,HOU,1610612742,1610612745,113,1,2:30,2025-02-08 20:28:48Z,413280,Christie 3PT Running Jump Shot (3 PTS) (Exum 2 AST),1,2,3,1,0,2,28,17,1631108,203957,NA,-224,-11,3,79,Christie,PTS,Exum,AST,NA
2025-02-08-HOU-DAL,0022400741,2025-02-08,2025,Regular,1610612745,HOU,DAL,1610612745,1610612742,115,1,2:29,2025-02-08 20:28:54Z,413340,Rockets Timeout: Regular (Reg.2 Short 0),9,1,0,0,0,0,31,17,NA,NA,NA,0,-80,0,80,NA,NA,NA,NA,NA
2025-02-08-HOU-DAL,0022400741,2025-02-08,2025,Regular,1610612745,HOU,DAL,1610612745,1610612742,116,1,2:29,2025-02-08 20:31:31Z,414910,SUB: Tate FOR Thompson,8,0,0,0,0,0,31,17,1641708,1630256,NA,0,-80,0,81,Thompson,NA,Tate,NA,NA
2025-02-08-HOU-DAL,0022400741,2025-02-08,2025,Regular,1610612745,HOU,DAL,1610612745,1610612742,118,1,2:12,2025-02-08 20:32:14Z,415340,MISS Tate 3PT Jump Shot,2,1,3,0,0,0,31,17,1630256,NA,NA,-230,11,0,82,Tate,NA,NA,NA,NA
2025-02-08-HOU-DAL,0022400741,2025-02-08,2025,Regular,1610612742,DAL,HOU,1610612745,1610612742,119,1,2:10,2025-02-08 20:32:16Z,415360,MAVERICKS Rebound,4,0,0,0,0,0,31,17,NA,NA,NA,-230,11,0,83,NA,NA,NA,NA,NA
2025-02-08-HOU-DAL,0022400741,2025-02-08,2025,Regular,NA,NA,NA,1610612742,1610612745,120,1,2:10,2025-02-08 20:32:21Z,415410,NA,20,3,0,0,0,0,31,17,NA,NA,NA,0,-80,0,84,NA,NA,NA,NA,NA
2025-02-08-HOU-DAL,0022400741,2025-02-08,2025,Regular,1610612742,DAL,HOU,1610612742,1610612745,121,1,1:47,2025-02-08 20:32:46Z,415660,MISS Exum 6' Driving Finger Roll Layup,2,75,2,0,0,4,31,17,203957,NA,NA,25,55,0,85,Exum,NA,NA,NA,NA
2025-02-08-HOU-DAL,0022400741,2025-02-08,2025,Regular,1610612745,HOU,DAL,1610612742,1610612745,122,1,1:46,2025-02-08 20:32:47Z,415670,Tate REBOUND (Off:0 Def:1),4,0,0,0,0,0,31,17,1630256,NA,NA,25,55,0,86,Tate,REB,NA,NA,NA
2025-02-08-HOU-DAL,0022400741,2025-02-08,2025,Regular,1610612745,HOU,DAL,1610612745,1610612742,123,1,1:35,2025-02-08 20:32:58Z,415780,Brooks 28' 3PT Jump Shot (3 PTS) (Tate 1 AST),1,1,3,0,0,0,31,17,1628415,1630256,NA,-125,253,3,87,Brooks,PTS,Tate,AST,NA
2025-02-08-HOU-DAL,0022400741,2025-02-08,2025,Regular,1610612742,DAL,HOU,1610612742,1610612745,125,1,1:10,2025-02-08 20:33:23Z,416030,MISS Davis 20' Pullup Jump Shot,2,79,2,0,0,0,31,20,203076,NA,NA,15,201,0,88,Davis,NA,NA,NA,NA
2025-02-08-HOU-DAL,0022400741,2025-02-08,2025,Regular,1610612745,HOU,DAL,1610612742,1610612745,126,1,1:09,2025-02-08 20:33:24Z,416040,Whitmore REBOUND (Off:0 Def:1),4,0,0,0,0,0,31,20,1641715,NA,NA,15,201,0,89,Whitmore,REB,NA,NA,NA
2025-02-08-HOU-DAL,0022400741,2025-02-08,2025,Regular,1610612745,HOU,DAL,1610612745,1610612742,127,1,1:01,2025-02-08 20:33:33Z,416130,MISS Whitmore 3' Driving Floating Jump Shot,2,101,2,0,0,4,31,20,1641715,NA,NA,-34,8,0,90,Whitmore,NA,NA,NA,NA
2025-02-08-HOU-DAL,0022400741,2025-02-08,2025,Regular,1610612745,HOU,DAL,1610612745,1610612742,128,1,0:59.1,2025-02-08 20:33:35Z,416150,Adams REBOUND (Off:1 Def:0),4,0,1,0,0,0,31,20,203500,NA,NA,-34,8,0,91,Adams,REB,NA,NA,NA
2025-02-08-HOU-DAL,0022400741,2025-02-08,2025,Regular,1610612745,HOU,DAL,1610612745,1610612742,129,1,0:59.1,2025-02-08 20:33:36Z,416160,MISS Adams Tip Layup Shot,2,97,2,0,0,4,31,20,203500,NA,NA,0,0,0,92,Adams,NA,NA,NA,NA
2025-02-08-HOU-DAL,0022400741,2025-02-08,2025,Regular,1610612742,DAL,HOU,1610612745,1610612742,130,1,0:58.3,2025-02-08 20:33:37Z,416170,Davis REBOUND (Off:1 Def:7),4,0,0,0,0,0,31,20,203076,NA,NA,0,0,0,93,Davis,REB,NA,NA,NA
2025-02-08-HOU-DAL,0022400741,2025-02-08,2025,Regular,1610612742,DAL,HOU,1610612742,1610612745,131,1,0:53.9,2025-02-08 20:33:41Z,416210,MISS Marshall 8' Running Pull-Up Jump Shot,2,103,2,1,0,4,31,20,1630230,NA,NA,1,75,0,94,Marshall,NA,NA,NA,NA
2025-02-08-HOU-DAL,0022400741,2025-02-08,2025,Regular,1610612745,HOU,DAL,1610612742,1610612745,132,1,0:52.4,2025-02-08 20:33:42Z,416220,Adams REBOUND (Off:1 Def:1),4,0,0,0,0,0,31,20,203500,NA,NA,1,75,0,95,Adams,REB,NA,NA,NA
2025-02-08-HOU-DAL,0022400741,2025-02-08,2025,Regular,1610612745,HOU,DAL,1610612745,1610612742,133,1,0:44.7,2025-02-08 20:33:50Z,416300,MISS Adams 11' Floating Jump Shot,2,78,2,0,0,4,31,20,203500,NA,NA,-17,109,0,96,Adams,NA,NA,NA,NA
2025-02-08-HOU-DAL,0022400741,2025-02-08,2025,Regular,1610612742,DAL,HOU,1610612745,1610612742,134,1,0:41.6,2025-02-08 20:33:53Z,416330,Marshall REBOUND (Off:0 Def:1),4,0,0,0,0,0,31,20,1630230,NA,NA,-17,109,0,97,Marshall,REB,NA,NA,NA
2025-02-08-HOU-DAL,0022400741,2025-02-08,2025,Regular,1610612745,HOU,DAL,1610612742,1610612745,135,1,0:36.8,2025-02-08 20:34:00Z,416400,Brooks S.FOUL (P1.T3) (P.Ransom),6,2,0,0,2,0,31,20,1628415,1631108,1627963,7,19,0,98,Brooks,PF,Christie,NA,Ransom
2025-02-08-HOU-DAL,0022400741,2025-02-08,2025,Regular,1610612742,DAL,HOU,1610612742,1610612745,137,1,0:36.8,2025-02-08 20:34:31Z,416710,Christie Free Throw 1 of 2 (4 PTS),3,11,1,1,1,0,31,20,1631108,NA,NA,0,-80,1,99,Christie,PTS,NA,NA,NA
2025-02-08-HOU-DAL,0022400741,2025-02-08,2025,Regular,1610612742,DAL,HOU,1610612742,1610612745,138,1,0:36.8,2025-02-08 20:34:31Z,416710,SUB: Gafford FOR Davis,8,0,0,0,0,0,32,20,203076,1629655,NA,0,-80,0,100,Davis,NA,Gafford,NA,NA
2025-02-08-HOU-DAL,0022400741,2025-02-08,2025,Regular,1610612742,DAL,HOU,1610612742,1610612745,139,1,0:36.8,2025-02-08 20:34:31Z,416710,SUB: Irving FOR Dinwiddie,8,0,0,0,0,0,32,20,203915,202681,NA,0,-80,0,101,Dinwiddie,NA,Irving,NA,NA
2025-02-08-HOU-DAL,0022400741,2025-02-08,2025,Regular,1610612742,DAL,HOU,1610612742,1610612745,142,1,0:36.8,2025-02-08 20:34:55Z,416950,Christie Free Throw 2 of 2 (5 PTS),3,12,1,1,1,0,32,20,1631108,NA,NA,0,-80,1,102,Christie,PTS,NA,NA,NA
2025-02-08-HOU-DAL,0022400741,2025-02-08,2025,Regular,1610612745,HOU,DAL,1610612745,1610612742,143,1,0:18.3,2025-02-08 20:35:15Z,417150,MISS Brooks 18' Step Back Jump Shot,2,80,2,0,0,0,33,20,1628415,NA,NA,-129,127,0,103,Brooks,NA,NA,NA,NA
2025-02-08-HOU-DAL,0022400741,2025-02-08,2025,Regular,1610612742,DAL,HOU,1610612745,1610612742,144,1,0:15.8,2025-02-08 20:35:18Z,417180,Exum REBOUND (Off:0 Def:1),4,0,0,0,0,0,33,20,203957,NA,NA,-129,127,0,104,Exum,REB,NA,NA,NA
2025-02-08-HOU-DAL,0022400741,2025-02-08,2025,Regular,1610612742,DAL,HOU,1610612742,1610612745,145,1,0:00.4,2025-02-08 20:35:33Z,417330,MISS Irving 13' Step Back Jump Shot,2,80,2,0,0,0,33,20,202681,NA,NA,-121,56,0,105,Irving,NA,NA,NA,NA
2025-02-08-HOU-DAL,0022400741,2025-02-08,2025,Regular,1610612742,DAL,HOU,1610612742,1610612745,146,1,0:00.4,2025-02-08 20:35:33Z,417330,MAVERICKS Rebound,4,0,1,0,0,0,33,20,NA,NA,NA,-121,56,0,106,NA,NA,NA,NA,NA
2025-02-08-HOU-DAL,0022400741,2025-02-08,2025,Regular,NA,NA,NA,1610612742,1610612745,147,1,0:00.0,2025-02-08 20:35:37Z,417370,End of 1st Period (3:36 PM EST),13,0,0,0,0,0,33,20,NA,NA,NA,0,-80,0,107,NA,NA,NA,NA,NA
2025-02-08-HOU-DAL,0022400741,2025-02-08,2025,Regular,NA,NA,NA,1610612745,1610612742,156,2,12:00,2025-02-08 20:38:26Z,419060,Start of 2nd Period (3:39 PM EST),12,0,0,0,0,0,33,20,NA,NA,NA,0,-80,0,108,NA,NA,NA,NA,NA
2025-02-08-HOU-DAL,0022400741,2025-02-08,2025,Regular,1610612742,DAL,HOU,1610612745,1610612742,157,2,11:50,2025-02-08 20:38:36Z,419160,Christie S.FOUL (P1.T1) (P.Ransom),6,2,0,0,3,0,33,20,1631108,1641715,1627963,190,164,0,109,Christie,PF,Whitmore,NA,Ransom
2025-02-08-HOU-DAL,0022400741,2025-02-08,2025,Regular,1610612745,HOU,DAL,1610612745,1610612742,159,2,11:50,2025-02-08 20:39:07Z,419470,Whitmore Free Throw 1 of 3 (3 PTS),3,13,1,0,1,0,33,20,1641715,NA,NA,0,-80,1,110,Whitmore,PTS,NA,NA,NA
2025-02-08-HOU-DAL,0022400741,2025-02-08,2025,Regular,1610612745,HOU,DAL,1610612745,1610612742,160,2,11:50,2025-02-08 20:39:22Z,419620,Whitmore Free Throw 2 of 3 (4 PTS),3,14,1,0,1,0,33,21,1641715,NA,NA,0,-80,1,111,Whitmore,PTS,NA,NA,NA
2025-02-08-HOU-DAL,0022400741,2025-02-08,2025,Regular,1610612745,HOU,DAL,1610612745,1610612742,161,2,11:50,2025-02-08 20:39:38Z,419780,Whitmore Free Throw 3 of 3 (5 PTS),3,15,1,0,1,0,33,22,1641715,NA,NA,0,-80,1,112,Whitmore,PTS,NA,NA,NA
2025-02-08-HOU-DAL,0022400741,2025-02-08,2025,Regular,1610612742,DAL,HOU,1610612742,1610612745,162,2,11:33,2025-02-08 20:39:56Z,419960,Thompson 2' Driving Finger Roll Layup (6 PTS) (Christie 1 AST),1,75,2,0,0,4,33,23,202691,1631108,NA,-2,16,2,113,Thompson,PTS,Christie,AST,NA
2025-02-08-HOU-DAL,0022400741,2025-02-08,2025,Regular,1610612745,HOU,DAL,1610612745,1610612742,164,2,11:13,2025-02-08 20:40:16Z,420160,MISS Adams 6' Driving Hook Shot,2,57,2,0,0,4,35,23,203500,NA,NA,61,11,0,114,Adams,NA,NA,NA,NA
2025-02-08-HOU-DAL,0022400741,2025-02-08,2025,Regular,1610612745,HOU,DAL,1610612745,1610612742,165,2,11:12,2025-02-08 20:40:17Z,420170,Adams REBOUND (Off:2 Def:1),4,0,1,0,0,0,35,23,203500,NA,NA,61,11,0,115,Adams,REB,NA,NA,NA
2025-02-08-HOU-DAL,0022400741,2025-02-08,2025,Regular,1610612745,HOU,DAL,1610612745,1610612742,166,2,11:03,2025-02-08 20:40:26Z,420260,MISS Eason 5' Driving Floating Jump Shot,2,101,2,0,0,1,35,23,1631106,NA,NA,4,53,0,116,Eason,NA,NA,NA,NA
2025-02-08-HOU-DAL,0022400741,2025-02-08,2025,Regular,1610612745,HOU,DAL,1610612745,1610612742,167,2,11:01,2025-02-08 20:40:28Z,420280,Sheppard REBOUND (Off:1 Def:0),4,0,1,0,0,0,35,23,1642263,NA,NA,4,53,0,117,Sheppard,REB,NA,NA,NA
2025-02-08-HOU-DAL,0022400741,2025-02-08,2025,Regular,1610612745,HOU,DAL,1610612745,1610612742,168,2,10:59,2025-02-08 20:40:30Z,420300,MISS Sheppard 7' Driving Floating Jump Shot,2,101,2,0,0,1,35,23,1642263,NA,NA,-1,68,0,118,Sheppard,NA,NA,NA,NA
2025-02-08-HOU-DAL,0022400741,2025-02-08,2025,Regular,1610612745,HOU,DAL,1610612745,1610612742,169,2,10:58,2025-02-08 20:40:31Z,420310,Sheppard REBOUND (Off:2 Def:0),4,0,1,0,0,0,35,23,1642263,NA,NA,-1,68,0,119,Sheppard,REB,NA,NA,NA
2025-02-08-HOU-DAL,0022400741,2025-02-08,2025,Regular,1610612745,HOU,DAL,1610612745,1610612742,170,2,10:49,2025-02-08 20:40:39Z,420390,MISS Adams 5' Hook Shot,2,3,2,0,0,1,35,23,203500,NA,NA,54,4,0,120,Adams,NA,NA,NA,NA
2025-02-08-HOU-DAL,0022400741,2025-02-08,2025,Regular,1610612745,HOU,DAL,1610612745,1610612742,171,2,10:47,2025-02-08 20:40:41Z,420410,Adams REBOUND (Off:3 Def:1),4,0,1,0,0,0,35,23,203500,NA,NA,54,4,0,121,Adams,REB,NA,NA,NA
2025-02-08-HOU-DAL,0022400741,2025-02-08,2025,Regular,1610612745,HOU,DAL,1610612745,1610612742,172,2,10:45,2025-02-08 20:40:44Z,420440,MISS Adams 4' Layup,2,5,2,0,0,1,35,23,203500,1629655,NA,31,21,0,122,Adams,NA,Gafford,BLK,NA
2025-02-08-HOU-DAL,0022400741,2025-02-08,2025,Regular,1610612745,HOU,DAL,1610612745,1610612742,174,2,10:41,2025-02-08 20:40:48Z,420480,Eason REBOUND (Off:1 Def:0),4,0,1,0,0,0,35,23,1631106,NA,NA,31,21,0,123,Eason,REB,NA,NA,NA
2025-02-08-HOU-DAL,0022400741,2025-02-08,2025,Regular,1610612745,HOU,DAL,1610612745,1610612742,175,2,10:41,2025-02-08 20:40:48Z,420480,MISS Eason 5' Layup,2,5,2,0,0,1,35,23,1631106,1629655,NA,4,47,0,124,Eason,NA,Gafford,BLK,NA
2025-02-08-HOU-DAL,0022400741,2025-02-08,2025,Regular,1610612742,DAL,HOU,1610612745,1610612742,177,2,10:39,2025-02-08 20:40:50Z,420500,Thompson REBOUND (Off:0 Def:1),4,0,0,0,0,0,35,23,202691,NA,NA,4,47,0,125,Thompson,REB,NA,NA,NA
2025-02-08-HOU-DAL,0022400741,2025-02-08,2025,Regular,1610612742,DAL,HOU,1610612742,1610612745,178,2,10:37,2025-02-08 20:40:52Z,420520,Thompson 27' 3PT Running Pull-Up Jump Shot (9 PTS),1,103,3,1,0,0,35,23,202691,NA,NA,131,236,3,126,Thompson,PTS,NA,NA,NA
2025-02-08-HOU-DAL,0022400741,2025-02-08,2025,Regular,1610612745,HOU,DAL,1610612745,1610612742,179,2,10:24,2025-02-08 20:41:04Z,420640,MISS Sheppard 8' Pullup Jump Shot,2,79,2,0,0,4,38,23,1642263,NA,NA,67,52,0,127,Sheppard,NA,NA,NA,NA
2025-02-08-HOU-DAL,0022400741,2025-02-08,2025,Regular,1610612742,DAL,HOU,1610612745,1610612742,180,2,10:23,2025-02-08 20:41:05Z,420650,Thompson REBOUND (Off:0 Def:2),4,0,0,0,0,0,38,23,202691,NA,NA,67,52,0,128,Thompson,REB,NA,NA,NA
2025-02-08-HOU-DAL,0022400741,2025-02-08,2025,Regular,1610612742,DAL,HOU,1610612742,1610612745,181,2,10:19,2025-02-08 20:41:10Z,420700,MISS Thompson 27' 3PT Running Pull-Up Jump Shot,2,103,3,1,0,0,38,23,202691,NA,NA,-130,239,0,129,Thompson,NA,NA,NA,NA
2025-02-08-HOU-DAL,0022400741,2025-02-08,2025,Regular,1610612745,HOU,DAL,1610612742,1610612745,182,2,10:16,2025-02-08 20:41:13Z,420730,Eason REBOUND (Off:1 Def:1),4,0,0,0,0,0,38,23,1631106,NA,NA,-130,239,0,130,Eason,REB,NA,NA,NA
2025-02-08-HOU-DAL,0022400741,2025-02-08,2025,Regular,1610612742,DAL,HOU,1610612745,1610612742,183,2,10:09,2025-02-08 20:41:23Z,420830,Thompson P.FOUL (P1.T2) (P.Ransom),6,1,0,0,0,0,38,23,202691,1631106,1627963,146,38,0,131,Thompson,PF,Eason,NA,Ransom
2025-02-08-HOU-DAL,0022400741,2025-02-08,2025,Regular,1610612745,HOU,DAL,1610612745,1610612742,185,2,10:09,2025-02-08 20:41:36Z,420960,Ime Udoka Foul:T.FOUL (P.Ransom),6,11,0,0,1,0,38,23,NA,NA,1627963,0,-80,0,132,NA,NA,NA,NA,Ransom
2025-02-08-HOU-DAL,0022400741,2025-02-08,2025,Regular,1610612742,DAL,HOU,1610612745,1610612742,186,2,10:09,2025-02-08 20:42:05Z,421250,Irving Free Throw Technical (1 PTS),3,16,1,0,1,0,38,23,202681,NA,NA,0,-80,1,133,Irving,PTS,NA,NA,NA
2025-02-08-HOU-DAL,0022400741,2025-02-08,2025,Regular,1610612745,HOU,DAL,1610612745,1610612742,187,2,10:01,2025-02-08 20:42:34Z,421540,MISS Tate 4' Driving Dunk,2,9,2,0,0,4,39,23,1630256,1629023,NA,31,26,0,134,Tate,NA,Washington,BLK,NA
2025-02-08-HOU-DAL,0022400741,2025-02-08,2025,Regular,1610612745,HOU,DAL,1610612745,1610612742,189,2,10:01,2025-02-08 20:42:34Z,421540,Rockets Rebound,4,0,1,0,0,0,39,23,NA,NA,NA,31,26,0,135,NA,NA,NA,NA,NA
2025-02-08-HOU-DAL,0022400741,2025-02-08,2025,Regular,NA,NA,NA,1610612745,1610612742,190,2,10:01,2025-02-08 20:42:38Z,421580,NA,20,3,0,0,0,0,39,23,NA,NA,NA,0,-80,0,136,NA,NA,NA,NA,NA
2025-02-08-HOU-DAL,0022400741,2025-02-08,2025,Regular,1610612745,HOU,DAL,1610612745,1610612742,191,2,9:53,2025-02-08 20:42:56Z,421760,MISS Sheppard 30' 3PT Pullup Jump Shot,2,79,3,0,0,1,39,23,1642263,NA,NA,28,295,0,137,Sheppard,NA,NA,NA,NA
2025-02-08-HOU-DAL,0022400741,2025-02-08,2025,Regular,1610612745,HOU,DAL,1610612745,1610612742,192,2,9:53,2025-02-08 20:42:56Z,421760,Rockets Rebound,4,0,1,0,0,0,39,23,NA,NA,NA,28,295,0,138,NA,NA,NA,NA,NA
2025-02-08-HOU-DAL,0022400741,2025-02-08,2025,Regular,1610612745,HOU,DAL,1610612745,1610612742,193,2,9:53,2025-02-08 20:42:59Z,421790,Rockets Turnover: Shot Clock (T#4),5,11,0,0,0,0,39,23,NA,NA,101283,-4,43,0,139,NA,NA,NA,NA,Forte
2025-02-08-HOU-DAL,0022400741,2025-02-08,2025,Regular,1610612742,DAL,HOU,1610612742,1610612745,194,2,9:33,2025-02-08 20:43:32Z,422120,MISS Irving 11' Driving Floating Bank Jump Shot,2,102,2,0,0,2,39,23,202681,NA,NA,-107,25,0,140,Irving,NA,NA,NA,NA
2025-02-08-HOU-DAL,0022400741,2025-02-08,2025,Regular,1610612742,DAL,HOU,1610612742,1610612745,195,2,9:31,2025-02-08 20:43:34Z,422140,Gafford REBOUND (Off:1 Def:2),4,0,1,0,0,0,39,23,1629655,NA,NA,-107,25,0,141,Gafford,REB,NA,NA,NA
2025-02-08-HOU-DAL,0022400741,2025-02-08,2025,Regular,1610612742,DAL,HOU,1610612742,1610612745,251,2,9:29,2025-02-08 20:43:35Z,422150,Gafford Lost Ball Turnover (P1.T2),5,2,1,0,0,0,39,23,1629655,1631106,NA,-21,831,0,142,Gafford,TO,Eason,ST,NA
2025-02-08-HOU-DAL,0022400741,2025-02-08,2025,Regular,1610612745,HOU,DAL,1610612745,1610612742,196,2,9:26,2025-02-08 20:43:38Z,422180,MISS Whitmore 25' 3PT Running Jump Shot,2,2,3,1,0,2,39,23,1641715,NA,NA,208,147,0,143,Whitmore,NA,NA,NA,NA
2025-02-08-HOU-DAL,0022400741,2025-02-08,2025,Regular,1610612745,HOU,DAL,1610612745,1610612742,197,2,9:23,2025-02-08 20:43:42Z,422220,Eason REBOUND (Off:2 Def:1),4,0,1,0,0,0,39,23,1631106,NA,NA,208,147,0,144,Eason,REB,NA,NA,NA
2025-02-08-HOU-DAL,0022400741,2025-02-08,2025,Regular,1610612742,DAL,HOU,1610612745,1610612742,198,2,9:23,2025-02-08 20:43:43Z,422230,Gafford S.FOUL (P2.T3) (J.Schroeder),6,2,0,0,2,0,39,23,1629655,1631106,1628954,-1,41,0,145,Gafford,PF,Eason,NA,Schroeder
2025-02-08-HOU-DAL,0022400741,2025-02-08,2025,Regular,NA,NA,NA,1610612745,1610612742,200,2,9:23,2025-02-08 20:44:11Z,422510,NA,20,4,0,0,0,0,39,23,NA,NA,NA,0,-80,0,146,NA,NA,NA,NA,NA
2025-02-08-HOU-DAL,0022400741,2025-02-08,2025,Regular,1610612745,HOU,DAL,1610612745,1610612742,201,2,9:23,2025-02-08 20:44:28Z,422680,Eason Free Throw 1 of 2 (1 PTS),3,11,1,0,1,2,39,23,1631106,NA,NA,0,-80,1,147,Eason,PTS,NA,NA,NA
2025-02-08-HOU-DAL,0022400741,2025-02-08,2025,Regular,1610612745,HOU,DAL,1610612745,1610612742,202,2,9:23,2025-02-08 20:44:28Z,422680,SUB: Sengun FOR Tate,8,0,0,0,0,0,39,24,1630256,1630578,NA,0,-80,0,148,Tate,NA,Sengun,NA,NA
2025-02-08-HOU-DAL,0022400741,2025-02-08,2025,Regular,1610612745,HOU,DAL,1610612745,1610612742,203,2,9:23,2025-02-08 20:44:28Z,422680,SUB: Thompson FOR Adams,8,0,0,0,0,0,39,24,203500,1641708,NA,0,-80,0,149,Adams,NA,Thompson,NA,NA
2025-02-08-HOU-DAL,0022400741,2025-02-08,2025,Regular,1610612745,HOU,DAL,1610612745,1610612742,206,2,9:23,2025-02-08 20:44:48Z,422880,Eason Free Throw 2 of 2 (2 PTS),3,12,1,0,1,2,39,24,1631106,NA,NA,0,-80,1,150,Eason,PTS,NA,NA,NA
2025-02-08-HOU-DAL,0022400741,2025-02-08,2025,Regular,1610612742,DAL,HOU,1610612742,1610612745,207,2,9:10,2025-02-08 20:45:03Z,423030,MISS Thompson 6' Driving Finger Roll Layup,2,75,2,0,0,4,39,25,202691,NA,NA,55,14,0,151,Thompson,NA,NA,NA,NA
2025-02-08-HOU-DAL,0022400741,2025-02-08,2025,Regular,1610612745,HOU,DAL,1610612742,1610612745,208,2,9:10,2025-02-08 20:45:08Z,423080,Rockets Rebound,4,0,0,0,0,0,39,25,NA,NA,NA,55,14,0,152,NA,NA,NA,NA,NA
2025-02-08-HOU-DAL,0022400741,2025-02-08,2025,Regular,1610612742,DAL,HOU,1610612745,1610612742,209,2,9:10,2025-02-08 20:45:08Z,423080,Gafford L.B.FOUL (P3.T4) (B.Forte),6,3,0,0,0,0,39,25,1629655,1630578,101283,0,797,0,153,Gafford,PF,Sengun,NA,Forte
2025-02-08-HOU-DAL,0022400741,2025-02-08,2025,Regular,1610612742,DAL,HOU,1610612745,1610612742,211,2,9:10,2025-02-08 20:45:19Z,423190,MAVERICKS Violation: Delay of game Violation,7,1,0,0,0,0,39,25,NA,NA,101283,0,-80,0,154,NA,NA,NA,NA,Forte
2025-02-08-HOU-DAL,0022400741,2025-02-08,2025,Regular,1610612742,DAL,HOU,1610612745,1610612742,212,2,9:10,2025-02-08 20:45:23Z,423230,Gafford T.FOUL (P3.T4) (B.Forte),6,11,0,0,1,0,39,25,1629655,NA,101283,0,-80,0,155,Gafford,NA,NA,NA,Forte
2025-02-08-HOU-DAL,0022400741,2025-02-08,2025,Regular,NA,NA,NA,1610612745,1610612742,213,2,9:10,2025-02-08 20:46:15Z,423750,NA,20,1,0,0,0,0,39,25,NA,NA,NA,0,-80,0,156,NA,NA,NA,NA,NA
2025-02-08-HOU-DAL,0022400741,2025-02-08,2025,Regular,1610612745,HOU,DAL,1610612745,1610612742,214,2,9:10,2025-02-08 20:47:28Z,424480,Sheppard Free Throw Technical (1 PTS),3,16,1,0,1,0,39,25,1642263,NA,NA,0,-80,1,157,Sheppard,PTS,NA,NA,NA
2025-02-08-HOU-DAL,0022400741,2025-02-08,2025,Regular,1610612742,DAL,HOU,1610612745,1610612742,215,2,9:10,2025-02-08 20:47:29Z,424490,SUB: Davis FOR Gafford,8,0,0,0,0,0,39,26,1629655,203076,NA,0,-80,0,158,Gafford,NA,Davis,NA,NA
2025-02-08-HOU-DAL,0022400741,2025-02-08,2025,Regular,1610612745,HOU,DAL,1610612745,1610612742,217,2,8:57,2025-02-08 20:47:52Z,424720,MISS Whitmore 19' Pullup Jump Shot,2,79,2,0,0,0,39,26,1641715,NA,NA,-28,189,0,159,Whitmore,NA,NA,NA,NA
2025-02-08-HOU-DAL,0022400741,2025-02-08,2025,Regular,1610612742,DAL,HOU,1610612745,1610612742,218,2,8:57,2025-02-08 20:47:52Z,424720,MAVERICKS Rebound,4,0,0,0,0,0,39,26,NA,NA,NA,-28,189,0,160,NA,NA,NA,NA,NA
2025-02-08-HOU-DAL,0022400741,2025-02-08,2025,Regular,NA,NA,NA,1610612742,1610612745,219,2,8:57,2025-02-08 20:47:56Z,424760,NA,20,3,0,0,0,0,39,26,NA,NA,NA,0,-80,0,161,NA,NA,NA,NA,NA
2025-02-08-HOU-DAL,0022400741,2025-02-08,2025,Regular,1610612745,HOU,DAL,1610612742,1610612745,220,2,8:42,2025-02-08 20:48:17Z,424970,Sengun P.FOUL (P1.T1) (P.Ransom),6,1,0,0,0,0,39,26,1630578,202681,1627963,-94,100,0,162,Sengun,PF,Irving,NA,Ransom
2025-02-08-HOU-DAL,0022400741,2025-02-08,2025,Regular,1610612742,DAL,HOU,1610612742,1610612745,222,2,8:40,2025-02-08 20:48:33Z,425130,MISS Thompson 25' 3PT Jump Shot,2,1,3,0,0,0,39,26,202691,NA,NA,1,253,0,163,Thompson,NA,NA,NA,NA
2025-02-08-HOU-DAL,0022400741,2025-02-08,2025,Regular,1610612745,HOU,DAL,1610612742,1610612745,223,2,8:37,2025-02-08 20:48:36Z,425160,Whitmore REBOUND (Off:0 Def:2),4,0,0,0,0,0,39,26,1641715,NA,NA,1,253,0,164,Whitmore,REB,NA,NA,NA
2025-02-08-HOU-DAL,0022400741,2025-02-08,2025,Regular,1610612745,HOU,DAL,1610612745,1610612742,224,2,8:28,2025-02-08 20:48:44Z,425240,Thompson 21' Jump Shot (7 PTS) (Whitmore 1 AST),1,1,2,0,0,0,39,26,1641708,1641715,NA,-205,4,2,165,Thompson,PTS,Whitmore,AST,NA
2025-02-08-HOU-DAL,0022400741,2025-02-08,2025,Regular,1610612745,HOU,DAL,1610612742,1610612745,226,2,8:16,2025-02-08 20:48:59Z,425390,Sheppard S.FOUL (P1.T2) (J.Schroeder),6,2,0,0,2,0,39,28,1642263,202681,1628954,93,89,0,166,Sheppard,PF,Irving,NA,Schroeder
2025-02-08-HOU-DAL,0022400741,2025-02-08,2025,Regular,1610612742,DAL,HOU,1610612742,1610612745,228,2,8:16,2025-02-08 20:49:37Z,425770,MISS Irving Free Throw 1 of 2,3,11,2,0,0,0,39,28,202681,NA,NA,0,-80,0,167,Irving,NA,NA,NA,NA
2025-02-08-HOU-DAL,0022400741,2025-02-08,2025,Regular,1610612742,DAL,HOU,1610612742,1610612745,229,2,8:16,2025-02-08 20:49:37Z,425770,MAVERICKS Rebound,4,1,1,0,0,0,39,28,NA,NA,NA,0,-80,0,168,NA,NA,NA,NA,NA
2025-02-08-HOU-DAL,0022400741,2025-02-08,2025,Regular,1610612742,DAL,HOU,1610612742,1610612745,230,2,8:16,2025-02-08 20:49:39Z,425790,SUB: Dinwiddie FOR Christie,8,0,0,0,0,0,39,28,1631108,203915,NA,0,-80,0,169,Christie,NA,Dinwiddie,NA,NA
2025-02-08-HOU-DAL,0022400741,2025-02-08,2025,Regular,1610612742,DAL,HOU,1610612742,1610612745,232,2,8:16,2025-02-08 20:49:59Z,425990,Irving Free Throw 2 of 2 (2 PTS),3,12,1,0,1,0,39,28,202681,NA,NA,0,-80,1,170,Irving,PTS,NA,NA,NA
2025-02-08-HOU-DAL,0022400741,2025-02-08,2025,Regular,1610612742,DAL,HOU,1610612745,1610612742,233,2,7:58,2025-02-08 20:50:21Z,426210,Washington S.FOUL (P1.PN) (J.Schroeder),6,2,1,0,2,0,40,28,1629023,1630578,1628954,69,15,0,171,Washington,PF,Sengun,NA,Schroeder
2025-02-08-HOU-DAL,0022400741,2025-02-08,2025,Regular,1610612745,HOU,DAL,1610612745,1610612742,235,2,7:58,2025-02-08 20:50:52Z,426520,MISS Sengun Free Throw 1 of 2,3,11,2,0,0,0,40,28,1630578,NA,NA,0,-80,0,172,Sengun,NA,NA,NA,NA
2025-02-08-HOU-DAL,0022400741,2025-02-08,2025,Regular,1610612745,HOU,DAL,1610612745,1610612742,236,2,7:58,2025-02-08 20:50:52Z,426520,Rockets Rebound,4,1,1,0,0,0,40,28,NA,NA,NA,0,-80,0,173,NA,NA,NA,NA,NA
2025-02-08-HOU-DAL,0022400741,2025-02-08,2025,Regular,1610612745,HOU,DAL,1610612745,1610612742,237,2,7:58,2025-02-08 20:50:54Z,426540,SUB: Brooks FOR Whitmore,8,0,0,0,0,0,40,28,1641715,1628415,NA,0,-80,0,174,Whitmore,NA,Brooks,NA,NA
2025-02-08-HOU-DAL,0022400741,2025-02-08,2025,Regular,1610612745,HOU,DAL,1610612745,1610612742,238,2,7:58,2025-02-08 20:50:54Z,426540,SUB: Ja. Green FOR Eason,8,0,0,0,0,0,40,28,1631106,1630224,NA,0,-80,0,175,Eason,NA,Green,NA,NA
2025-02-08-HOU-DAL,0022400741,2025-02-08,2025,Regular,1610612745,HOU,DAL,1610612745,1610612742,241,2,7:58,2025-02-08 20:51:19Z,426790,Sengun Free Throw 2 of 2 (3 PTS),3,12,1,0,1,0,40,28,1630578,NA,NA,0,-80,1,176,Sengun,PTS,NA,NA,NA
2025-02-08-HOU-DAL,0022400741,2025-02-08,2025,Regular,1610612742,DAL,HOU,1610612742,1610612745,242,2,7:42,2025-02-08 20:51:37Z,426970,MISS Davis 9' Turnaround Jump Shot,2,47,2,0,0,4,40,29,203076,NA,NA,-9,88,0,177,Davis,NA,NA,NA,NA
2025-02-08-HOU-DAL,0022400741,2025-02-08,2025,Regular,1610612745,HOU,DAL,1610612742,1610612745,243,2,7:40,2025-02-08 20:51:39Z,426990,Sheppard REBOUND (Off:2 Def:1),4,0,0,0,0,0,40,29,1642263,NA,NA,-9,88,0,178,Sheppard,REB,NA,NA,NA
2025-02-08-HOU-DAL,0022400741,2025-02-08,2025,Regular,1610612745,HOU,DAL,1610612745,1610612742,244,2,7:35,2025-02-08 20:51:44Z,427040,Sheppard 14' Running Pull-Up Jump Shot (3 PTS),1,103,2,1,0,4,40,29,1642263,NA,NA,45,130,2,179,Sheppard,PTS,NA,NA,NA
2025-02-08-HOU-DAL,0022400741,2025-02-08,2025,Regular,1610612742,DAL,HOU,1610612742,1610612745,245,2,7:14,2025-02-08 20:52:06Z,427260,Thompson 2' Driving Layup (11 PTS),1,6,2,0,0,4,40,31,202691,NA,NA,-22,11,2,180,Thompson,PTS,NA,NA,NA
2025-02-08-HOU-DAL,0022400741,2025-02-08,2025,Regular,1610612745,HOU,DAL,1610612745,1610612742,246,2,7:02,2025-02-08 20:52:17Z,427370,MISS Ja. Green 3' Driving Layup,2,6,2,0,0,4,42,31,1630224,203076,NA,-28,15,0,181,Green,NA,Davis,BLK,NA
2025-02-08-HOU-DAL,0022400741,2025-02-08,2025,Regular,1610612742,DAL,HOU,1610612745,1610612742,248,2,7:02,2025-02-08 20:52:17Z,427370,Thompson REBOUND (Off:0 Def:3),4,0,0,0,0,0,42,31,202691,NA,NA,-28,15,0,182,Thompson,REB,NA,NA,NA
2025-02-08-HOU-DAL,0022400741,2025-02-08,2025,Regular,1610612742,DAL,HOU,1610612742,1610612745,249,2,6:55,2025-02-08 20:52:25Z,427450,Dinwiddie 3PT Jump Shot (3 PTS) (Thompson 1 AST),1,1,3,1,0,0,42,31,203915,202691,NA,-222,-10,3,183,Dinwiddie,PTS,Thompson,AST,NA
2025-02-08-HOU-DAL,0022400741,2025-02-08,2025,Regular,1610612742,DAL,HOU,1610612745,1610612742,253,2,6:35,2025-02-08 20:52:48Z,427680,Thompson P.FOUL (P2.PN) (B.Forte),6,1,1,0,2,0,45,31,202691,1628415,101283,20,95,0,184,Thompson,PF,Brooks,NA,Forte
2025-02-08-HOU-DAL,0022400741,2025-02-08,2025,Regular,1610612742,DAL,HOU,1610612745,1610612742,255,2,6:35,2025-02-08 20:52:59Z,427790,MAVERICKS Timeout: Regular (Full 1 Short 0),9,1,0,0,0,0,45,31,NA,NA,NA,0,-80,0,185,NA,NA,NA,NA,NA
2025-02-08-HOU-DAL,0022400741,2025-02-08,2025,Regular,1610612745,HOU,DAL,1610612745,1610612742,256,2,6:35,2025-02-08 20:56:12Z,429720,MISS Brooks Free Throw 1 of 2,3,11,2,0,0,0,45,31,1628415,NA,NA,0,-80,0,186,Brooks,NA,NA,NA,NA
2025-02-08-HOU-DAL,0022400741,2025-02-08,2025,Regular,1610612745,HOU,DAL,1610612745,1610612742,257,2,6:35,2025-02-08 20:56:12Z,429720,Rockets Rebound,4,1,1,0,0,0,45,31,NA,NA,NA,0,-80,0,187,NA,NA,NA,NA,NA
2025-02-08-HOU-DAL,0022400741,2025-02-08,2025,Regular,1610612745,HOU,DAL,1610612745,1610612742,258,2,6:35,2025-02-08 20:56:24Z,429840,Brooks Free Throw 2 of 2 (4 PTS),3,12,1,0,1,0,45,31,1628415,NA,NA,0,-80,1,188,Brooks,PTS,NA,NA,NA
2025-02-08-HOU-DAL,0022400741,2025-02-08,2025,Regular,1610612742,DAL,HOU,1610612742,1610612745,259,2,6:15,2025-02-08 20:56:45Z,430050,MISS Washington 9' Driving Hook Shot,2,57,2,0,0,4,45,32,1629023,NA,NA,75,47,0,189,Washington,NA,NA,NA,NA
2025-02-08-HOU-DAL,0022400741,2025-02-08,2025,Regular,1610612742,DAL,HOU,1610612742,1610612745,260,2,6:13,2025-02-08 20:56:47Z,430070,Washington REBOUND (Off:1 Def:0),4,0,1,0,0,0,45,32,1629023,NA,NA,75,47,0,190,Washington,REB,NA,NA,NA
2025-02-08-HOU-DAL,0022400741,2025-02-08,2025,Regular,1610612742,DAL,HOU,1610612742,1610612745,261,2,6:12,2025-02-08 20:56:48Z,430080,MISS Washington 3' Putback Layup,2,72,2,0,0,1,45,32,1629023,NA,NA,-26,23,0,191,Washington,NA,NA,NA,NA
2025-02-08-HOU-DAL,0022400741,2025-02-08,2025,Regular,1610612742,DAL,HOU,1610612742,1610612745,262,2,6:10,2025-02-08 20:56:50Z,430100,Irving REBOUND (Off:1 Def:0),4,0,1,0,0,0,45,32,202681,NA,NA,-26,23,0,192,Irving,REB,NA,NA,NA
2025-02-08-HOU-DAL,0022400741,2025-02-08,2025,Regular,1610612742,DAL,HOU,1610612742,1610612745,263,2,6:05,2025-02-08 20:56:54Z,430140,MISS Washington 24' 3PT Jump Shot,2,1,3,0,0,1,45,32,1629023,NA,NA,-192,150,0,193,Washington,NA,NA,NA,NA
2025-02-08-HOU-DAL,0022400741,2025-02-08,2025,Regular,1610612742,DAL,HOU,1610612742,1610612745,264,2,6:04,2025-02-08 20:56:55Z,430150,Davis REBOUND (Off:2 Def:7),4,0,1,0,0,0,45,32,203076,NA,NA,-192,150,0,194,Davis,REB,NA,NA,NA
2025-02-08-HOU-DAL,0022400741,2025-02-08,2025,Regular,1610612742,DAL,HOU,1610612742,1610612745,265,2,6:03,2025-02-08 20:56:57Z,430170,Davis 1' Putback Dunk (16 PTS),1,87,2,0,0,1,45,32,203076,NA,NA,-1,-8,2,195,Davis,PTS,NA,NA,NA
2025-02-08-HOU-DAL,0022400741,2025-02-08,2025,Regular,1610612745,HOU,DAL,1610612745,1610612742,266,2,5:37,2025-02-08 20:57:24Z,430440,MISS Sheppard 30' 3PT Jump Shot,2,1,3,0,0,0,47,32,1642263,NA,NA,-98,284,0,196,Sheppard,NA,NA,NA,NA
2025-02-08-HOU-DAL,0022400741,2025-02-08,2025,Regular,1610612742,DAL,HOU,1610612745,1610612742,267,2,5:34,2025-02-08 20:57:27Z,430470,Davis REBOUND (Off:2 Def:8),4,0,0,0,0,0,47,32,203076,NA,NA,-98,284,0,197,Davis,REB,NA,NA,NA
2025-02-08-HOU-DAL,0022400741,2025-02-08,2025,Regular,1610612742,DAL,HOU,1610612742,1610612745,268,2,5:18,2025-02-08 20:57:42Z,430620,Dinwiddie 3PT Jump Shot (6 PTS) (Davis 4 AST),1,1,3,0,0,0,47,32,203915,203076,NA,230,29,3,198,Dinwiddie,PTS,Davis,AST,NA
2025-02-08-HOU-DAL,0022400741,2025-02-08,2025,Regular,1610612745,HOU,DAL,1610612745,1610612742,270,2,4:58,2025-02-08 20:58:01Z,430810,MISS Sheppard 13' Pullup Jump Shot,2,79,2,0,0,4,50,32,1642263,NA,NA,56,120,0,199,Sheppard,NA,NA,NA,NA
2025-02-08-HOU-DAL,0022400741,2025-02-08,2025,Regular,1610612742,DAL,HOU,1610612745,1610612742,271,2,4:56,2025-02-08 20:58:03Z,430830,Davis REBOUND (Off:2 Def:9),4,0,0,0,0,0,50,32,203076,NA,NA,56,120,0,200,Davis,REB,NA,NA,NA
2025-02-08-HOU-DAL,0022400741,2025-02-08,2025,Regular,1610612742,DAL,HOU,1610612742,1610612745,272,2,4:49,2025-02-08 20:58:11Z,430910,Davis Alley Oop Dunk (18 PTS) (Irving 1 AST),1,52,2,0,0,4,50,32,203076,202681,NA,0,0,2,201,Davis,PTS,Irving,AST,NA
2025-02-08-HOU-DAL,0022400741,2025-02-08,2025,Regular,1610612745,HOU,DAL,1610612745,1610612742,274,2,4:47,2025-02-08 20:58:17Z,430970,Rockets Timeout: Regular (Reg.3 Short 0),9,1,0,0,0,0,52,32,NA,NA,NA,0,-80,0,202,NA,NA,NA,NA,NA
2025-02-08-HOU-DAL,0022400741,2025-02-08,2025,Regular,1610612742,DAL,HOU,1610612745,1610612742,275,2,4:47,2025-02-08 21:00:49Z,432490,SUB: Marshall FOR Washington,8,0,0,0,0,0,52,32,1629023,1630230,NA,0,-80,0,203,Washington,NA,Marshall,NA,NA
2025-02-08-HOU-DAL,0022400741,2025-02-08,2025,Regular,1610612742,DAL,HOU,1610612745,1610612742,276,2,4:47,2025-02-08 21:00:49Z,432490,SUB: Exum FOR Thompson,8,0,0,0,0,0,52,32,202691,203957,NA,0,-80,0,204,Thompson,NA,Exum,NA,NA
2025-02-08-HOU-DAL,0022400741,2025-02-08,2025,Regular,1610612745,HOU,DAL,1610612745,1610612742,277,2,4:47,2025-02-08 21:00:49Z,432490,SUB: Eason FOR Sheppard,8,0,0,0,0,0,52,32,1642263,1631106,NA,0,-80,0,205,Sheppard,NA,Eason,NA,NA
2025-02-08-HOU-DAL,0022400741,2025-02-08,2025,Regular,1610612745,HOU,DAL,1610612745,1610612742,281,2,4:31,2025-02-08 21:01:43Z,433030,MISS Brooks 27' 3PT Jump Shot,2,1,3,0,0,0,52,32,1628415,NA,NA,-120,244,0,206,Brooks,NA,NA,NA,NA
2025-02-08-HOU-DAL,0022400741,2025-02-08,2025,Regular,1610612742,DAL,HOU,1610612745,1610612742,282,2,4:29,2025-02-08 21:01:45Z,433050,Davis REBOUND (Off:2 Def:10),4,0,0,0,0,0,52,32,203076,NA,NA,-120,244,0,207,Davis,REB,NA,NA,NA
2025-02-08-HOU-DAL,0022400741,2025-02-08,2025,Regular,1610612745,HOU,DAL,1610612742,1610612745,283,2,4:19,2025-02-08 21:01:57Z,433170,Brooks S.FOUL (P2.T3) (J.Schroeder),6,2,0,0,2,0,52,32,1628415,203076,1628954,27,48,0,208,Brooks,PF,Davis,NA,Schroeder
2025-02-08-HOU-DAL,0022400741,2025-02-08,2025,Regular,1610612742,DAL,HOU,1610612742,1610612745,285,2,4:19,2025-02-08 21:02:41Z,433610,MISS Davis Free Throw 1 of 2,3,11,2,0,0,0,52,32,203076,NA,NA,0,-80,0,209,Davis,NA,NA,NA,NA
2025-02-08-HOU-DAL,0022400741,2025-02-08,2025,Regular,1610612742,DAL,HOU,1610612742,1610612745,286,2,4:19,2025-02-08 21:02:41Z,433610,MAVERICKS Rebound,4,1,1,0,0,0,52,32,NA,NA,NA,0,-80,0,210,NA,NA,NA,NA,NA
2025-02-08-HOU-DAL,0022400741,2025-02-08,2025,Regular,1610612742,DAL,HOU,1610612742,1610612745,287,2,4:19,2025-02-08 21:02:57Z,433770,Davis Free Throw 2 of 2 (19 PTS),3,12,1,0,1,0,52,32,203076,NA,NA,0,-80,1,211,Davis,PTS,NA,NA,NA
2025-02-08-HOU-DAL,0022400741,2025-02-08,2025,Regular,1610612745,HOU,DAL,1610612745,1610612742,288,2,4:03,2025-02-08 21:03:15Z,433950,Eason 21' Pullup Jump Shot (4 PTS) (Sengun 2 AST),1,79,2,0,0,0,53,32,1631106,1630578,NA,-164,134,2,212,Eason,PTS,Sengun,AST,NA
2025-02-08-HOU-DAL,0022400741,2025-02-08,2025,Regular,1610612742,DAL,HOU,1610612742,1610612745,290,2,3:41,2025-02-08 21:03:37Z,434170,MISS Davis 1' Alley Oop Layup,2,43,2,0,0,4,53,34,203076,NA,NA,-1,14,0,213,Davis,NA,NA,NA,NA
2025-02-08-HOU-DAL,0022400741,2025-02-08,2025,Regular,1610612745,HOU,DAL,1610612742,1610612745,291,2,3:39,2025-02-08 21:03:39Z,434190,Sengun REBOUND (Off:1 Def:3),4,0,0,0,0,0,53,34,1630578,NA,NA,-1,14,0,214,Sengun,REB,NA,NA,NA
2025-02-08-HOU-DAL,0022400741,2025-02-08,2025,Regular,1610612745,HOU,DAL,1610612745,1610612742,292,2,3:35,2025-02-08 21:03:43Z,434230,Ja. Green 2' Running Layup (10 PTS),1,41,2,1,0,4,53,34,1630224,NA,NA,-4,15,2,215,Green,PTS,NA,NA,NA
2025-02-08-HOU-DAL,0022400741,2025-02-08,2025,Regular,1610612742,DAL,HOU,1610612742,1610612745,293,2,3:22,2025-02-08 21:03:56Z,434360,MISS Exum 3PT Jump Shot,2,1,3,0,0,0,53,36,203957,NA,NA,-229,-10,0,216,Exum,NA,NA,NA,NA
2025-02-08-HOU-DAL,0022400741,2025-02-08,2025,Regular,1610612745,HOU,DAL,1610612742,1610612745,294,2,3:19,2025-02-08 21:03:59Z,434390,Ja. Green REBOUND (Off:0 Def:1),4,0,0,0,0,0,53,36,1630224,NA,NA,-229,-10,0,217,Green,REB,NA,NA,NA
2025-02-08-HOU-DAL,0022400741,2025-02-08,2025,Regular,1610612745,HOU,DAL,1610612745,1610612742,295,2,3:09,2025-02-08 21:04:09Z,434490,Ja. Green 26' 3PT Pullup Jump Shot (13 PTS),1,79,3,0,0,0,53,36,1630224,NA,NA,-156,205,3,218,Green,PTS,NA,NA,NA
2025-02-08-HOU-DAL,0022400741,2025-02-08,2025,Regular,1610612742,DAL,HOU,1610612742,1610612745,296,2,2:55,2025-02-08 21:04:24Z,434640,MISS Irving 5' Driving Layup,2,6,2,0,0,4,53,39,202681,NA,NA,43,27,0,219,Irving,NA,NA,NA,NA
2025-02-08-HOU-DAL,0022400741,2025-02-08,2025,Regular,1610612742,DAL,HOU,1610612742,1610612745,297,2,2:54,2025-02-08 21:04:25Z,434650,Davis REBOUND (Off:3 Def:10),4,0,1,0,0,0,53,39,203076,NA,NA,43,27,0,220,Davis,REB,NA,NA,NA
2025-02-08-HOU-DAL,0022400741,2025-02-08,2025,Regular,1610612745,HOU,DAL,1610612742,1610612745,298,2,2:54,2025-02-08 21:04:27Z,434670,Sengun S.FOUL (P2.T4) (P.Ransom),6,2,0,0,2,0,53,39,1630578,203076,1627963,9,19,0,221,Sengun,PF,Davis,NA,Ransom
2025-02-08-HOU-DAL,0022400741,2025-02-08,2025,Regular,NA,NA,NA,1610612742,1610612745,300,2,2:54,2025-02-08 21:04:47Z,434870,NA,20,4,0,0,0,0,53,39,NA,NA,NA,0,-80,0,222,NA,NA,NA,NA,NA
2025-02-08-HOU-DAL,0022400741,2025-02-08,2025,Regular,1610612742,DAL,HOU,1610612742,1610612745,301,2,2:54,2025-02-08 21:05:21Z,435210,Davis Free Throw 1 of 2 (20 PTS),3,11,1,0,1,1,53,39,203076,NA,NA,0,-80,1,223,Davis,PTS,NA,NA,NA
2025-02-08-HOU-DAL,0022400741,2025-02-08,2025,Regular,1610612742,DAL,HOU,1610612742,1610612745,302,2,2:54,2025-02-08 21:05:23Z,435230,SUB: Washington FOR Dinwiddie,8,0,0,0,0,0,54,39,203915,1629023,NA,0,-80,0,224,Dinwiddie,NA,Washington,NA,NA